timestamp,event_type,username,source_ip,status
2026-06-01 09:00:00,NETWORK_CONNECTION,guest,82.49.176.210,OUTBOUND
2026-06-01 09:00:30,FILE_ACCESS,mary,65.220.100.185,SENSITIVE_FILE
2026-06-01 09:01:00,NETWORK_CONNECTION,test,155.73.151.179,OUTBOUND
2026-06-01 09:01:30,FILE_ACCESS,admin,111.116.236.3,SENSITIVE_FILE
2026-06-01 09:02:00,FILE_ACCESS,john,227.42.65.76,SENSITIVE_FILE
2026-06-01 09:02:30,NETWORK_CONNECTION,admin,79.180.208.223,OUTBOUND
2026-06-01 09:03:00,FILE_ACCESS,mary,41.67.57.250,SENSITIVE_FILE
2026-06-01 09:03:30,POWERSHELL,admin,184.220.211.109,EXECUTED
2026-06-01 09:04:00,LOGIN,mary,122.255.170.15,FAILED
2026-06-01 09:04:30,LOGIN,test,152.68.254.104,FAILED
2026-06-01 09:05:00,NETWORK_CONNECTION,guest,67.181.211.59,OUTBOUND
2026-06-01 09:05:30,POWERSHELL,guest,12.28.136.63,EXECUTED
2026-06-01 09:06:00,NETWORK_CONNECTION,mary,31.213.120.6,OUTBOUND
2026-06-01 09:06:30,POWERSHELL,guest,199.64.90.239,EXECUTED
2026-06-01 09:07:00,LOGIN,guest,145.228.192.159,FAILED
2026-06-01 09:07:30,NETWORK_CONNECTION,admin,99.38.220.96,OUTBOUND
2026-06-01 09:08:00,NETWORK_CONNECTION,test,111.27.35.7,OUTBOUND
2026-06-01 09:08:30,NETWORK_CONNECTION,mary,184.56.60.123,OUTBOUND
2026-06-01 09:09:00,POWERSHELL,admin,144.18.213.2,EXECUTED
2026-06-01 09:09:30,POWERSHELL,guest,151.150.234.39,EXECUTED
2026-06-01 09:10:00,LOGIN,mary,206.61.102.224,SUCCESS
2026-06-01 09:10:30,LOGIN,john,33.17.181.195,SUCCESS
2026-06-01 09:11:00,LOGIN,admin,52.188.132.50,SUCCESS
2026-06-01 09:11:30,POWERSHELL,test,54.21.191.182,EXECUTED
2026-06-01 09:12:00,POWERSHELL,mary,88.3.141.155,EXECUTED
2026-06-01 09:12:30,LOGIN,test,88.38.116.149,FAILED
2026-06-01 09:13:00,LOGIN,guest,196.182.180.152,SUCCESS
2026-06-01 09:13:30,LOGIN,john,226.22.101.29,FAILED
2026-06-01 09:14:00,FILE_ACCESS,test,107.102.210.251,SENSITIVE_FILE
2026-06-01 09:14:30,FILE_ACCESS,guest,61.153.56.124,SENSITIVE_FILE
2026-06-01 09:15:00,NETWORK_CONNECTION,admin,250.221.157.97,OUTBOUND
2026-06-01 09:15:30,POWERSHELL,admin,255.248.33.221,EXECUTED
2026-06-01 09:16:00,FILE_ACCESS,admin,84.125.141.209,SENSITIVE_FILE
2026-06-01 09:16:30,NETWORK_CONNECTION,test,147.163.235.114,OUTBOUND
2026-06-01 09:17:00,NETWORK_CONNECTION,guest,166.132.246.201,OUTBOUND
2026-06-01 09:17:30,LOGIN,test,36.25.138.110,SUCCESS
2026-06-01 09:18:00,NETWORK_CONNECTION,john,130.125.58.172,OUTBOUND
2026-06-01 09:18:30,LOGIN,mary,123.86.154.209,SUCCESS
2026-06-01 09:19:00,LOGIN,john,87.171.204.37,FAILED
2026-06-01 09:19:30,FILE_ACCESS,test,106.51.194.112,SENSITIVE_FILE
2026-06-01 09:20:00,LOGIN,admin,73.119.193.5,SUCCESS
2026-06-01 09:20:30,POWERSHELL,john,208.240.189.136,EXECUTED
2026-06-01 09:21:00,LOGIN,john,171.86.79.200,SUCCESS
2026-06-01 09:21:30,FILE_ACCESS,admin,210.149.164.31,SENSITIVE_FILE
2026-06-01 09:22:00,FILE_ACCESS,test,133.67.17.152,SENSITIVE_FILE
2026-06-01 09:22:30,POWERSHELL,guest,159.193.246.11,EXECUTED
2026-06-01 09:23:00,NETWORK_CONNECTION,test,232.183.110.99,OUTBOUND
2026-06-01 09:23:30,POWERSHELL,admin,160.159.181.226,EXECUTED
2026-06-01 09:24:00,NETWORK_CONNECTION,guest,160.72.20.26,OUTBOUND
2026-06-01 09:24:30,FILE_ACCESS,mary,65.72.46.60,SENSITIVE_FILE
2026-06-01 09:25:00,NETWORK_CONNECTION,guest,58.41.151.71,OUTBOUND
2026-06-01 09:25:30,POWERSHELL,mary,145.133.37.232,EXECUTED
2026-06-01 09:26:00,POWERSHELL,test,255.153.119.221,EXECUTED
2026-06-01 09:26:30,FILE_ACCESS,mary,55.167.63.135,SENSITIVE_FILE
2026-06-01 09:27:00,LOGIN,guest,100.119.251.160,FAILED
2026-06-01 09:27:30,NETWORK_CONNECTION,john,10.162.20.167,OUTBOUND
2026-06-01 09:28:00,NETWORK_CONNECTION,john,22.210.32.205,OUTBOUND
2026-06-01 09:28:30,LOGIN,john,215.91.194.118,FAILED
2026-06-01 09:29:00,NETWORK_CONNECTION,admin,144.220.82.6,OUTBOUND
2026-06-01 09:29:30,POWERSHELL,admin,32.146.61.12,EXECUTED
2026-06-01 09:30:00,LOGIN,admin,88.177.92.111,FAILED
2026-06-01 09:30:30,FILE_ACCESS,admin,79.102.110.33,SENSITIVE_FILE
2026-06-01 09:31:00,NETWORK_CONNECTION,test,222.15.107.196,OUTBOUND
2026-06-01 09:31:30,LOGIN,guest,173.240.237.187,SUCCESS
2026-06-01 09:32:00,NETWORK_CONNECTION,mary,149.76.192.41,OUTBOUND
2026-06-01 09:32:30,LOGIN,test,31.9.175.153,FAILED
2026-06-01 09:33:00,FILE_ACCESS,admin,141.142.148.16,SENSITIVE_FILE
2026-06-01 09:33:30,POWERSHELL,john,223.147.203.135,EXECUTED
2026-06-01 09:34:00,POWERSHELL,guest,254.250.133.194,EXECUTED
2026-06-01 09:34:30,LOGIN,mary,96.41.253.102,SUCCESS
2026-06-01 09:35:00,FILE_ACCESS,john,70.124.174.7,SENSITIVE_FILE
2026-06-01 09:35:30,NETWORK_CONNECTION,admin,63.61.59.240,OUTBOUND
2026-06-01 09:36:00,NETWORK_CONNECTION,mary,167.146.115.56,OUTBOUND
2026-06-01 09:36:30,LOGIN,mary,27.35.117.44,FAILED
2026-06-01 09:37:00,NETWORK_CONNECTION,john,93.239.214.154,OUTBOUND
2026-06-01 09:37:30,FILE_ACCESS,mary,252.244.99.28,SENSITIVE_FILE
2026-06-01 09:38:00,NETWORK_CONNECTION,mary,172.250.150.11,OUTBOUND
2026-06-01 09:38:30,NETWORK_CONNECTION,test,214.253.144.172,OUTBOUND
2026-06-01 09:39:00,NETWORK_CONNECTION,admin,184.129.197.30,OUTBOUND
2026-06-01 09:39:30,LOGIN,mary,71.78.68.117,SUCCESS
2026-06-01 09:40:00,NETWORK_CONNECTION,mary,137.249.160.81,OUTBOUND
2026-06-01 09:40:30,FILE_ACCESS,admin,157.199.104.145,SENSITIVE_FILE
2026-06-01 09:41:00,LOGIN,admin,26.98.250.233,SUCCESS
2026-06-01 09:41:30,FILE_ACCESS,john,131.100.174.135,SENSITIVE_FILE
2026-06-01 09:42:00,FILE_ACCESS,test,4.24.228.99,SENSITIVE_FILE
2026-06-01 09:42:30,NETWORK_CONNECTION,test,59.119.117.201,OUTBOUND
2026-06-01 09:43:00,FILE_ACCESS,mary,194.74.63.108,SENSITIVE_FILE
2026-06-01 09:43:30,LOGIN,mary,50.29.123.111,SUCCESS
2026-06-01 09:44:00,LOGIN,test,54.7.197.93,FAILED
2026-06-01 09:44:30,FILE_ACCESS,test,245.141.157.186,SENSITIVE_FILE
2026-06-01 09:45:00,LOGIN,test,110.173.97.205,FAILED
2026-06-01 09:45:30,NETWORK_CONNECTION,guest,228.235.18.204,OUTBOUND
2026-06-01 09:46:00,FILE_ACCESS,admin,122.252.221.211,SENSITIVE_FILE
2026-06-01 09:46:30,FILE_ACCESS,guest,185.128.219.131,SENSITIVE_FILE
2026-06-01 09:47:00,LOGIN,guest,71.114.214.18,SUCCESS
2026-06-01 09:47:30,NETWORK_CONNECTION,mary,14.222.242.88,OUTBOUND
2026-06-01 09:48:00,NETWORK_CONNECTION,john,151.180.109.148,OUTBOUND
2026-06-01 09:48:30,LOGIN,test,103.152.101.58,FAILED
2026-06-01 09:49:00,LOGIN,admin,13.218.57.84,FAILED
2026-06-01 09:49:30,POWERSHELL,mary,159.181.223.253,EXECUTED
2026-06-01 09:50:00,NETWORK_CONNECTION,guest,187.4.199.158,OUTBOUND
2026-06-01 09:50:30,LOGIN,guest,158.218.234.97,FAILED
2026-06-01 09:51:00,NETWORK_CONNECTION,guest,217.60.64.76,OUTBOUND
2026-06-01 09:51:30,FILE_ACCESS,guest,111.177.173.38,SENSITIVE_FILE
2026-06-01 09:52:00,FILE_ACCESS,test,201.221.97.242,SENSITIVE_FILE
2026-06-01 09:52:30,POWERSHELL,admin,254.218.136.230,EXECUTED
2026-06-01 09:53:00,FILE_ACCESS,john,100.160.34.199,SENSITIVE_FILE
2026-06-01 09:53:30,POWERSHELL,john,50.59.53.36,EXECUTED
2026-06-01 09:54:00,POWERSHELL,mary,175.51.50.18,EXECUTED
2026-06-01 09:54:30,NETWORK_CONNECTION,test,127.220.13.56,OUTBOUND
2026-06-01 09:55:00,NETWORK_CONNECTION,test,120.237.252.233,OUTBOUND
2026-06-01 09:55:30,POWERSHELL,mary,133.8.242.4,EXECUTED
2026-06-01 09:56:00,NETWORK_CONNECTION,admin,202.48.80.139,OUTBOUND
2026-06-01 09:56:30,FILE_ACCESS,admin,24.98.15.37,SENSITIVE_FILE
2026-06-01 09:57:00,NETWORK_CONNECTION,admin,28.194.95.139,OUTBOUND
2026-06-01 09:57:30,NETWORK_CONNECTION,admin,242.212.218.127,OUTBOUND
2026-06-01 09:58:00,LOGIN,guest,231.4.71.17,SUCCESS
2026-06-01 09:58:30,NETWORK_CONNECTION,mary,189.161.55.210,OUTBOUND
2026-06-01 09:59:00,FILE_ACCESS,john,206.92.181.168,SENSITIVE_FILE
2026-06-01 09:59:30,FILE_ACCESS,admin,123.98.86.113,SENSITIVE_FILE
2026-06-01 10:00:00,POWERSHELL,mary,43.139.226.156,EXECUTED
2026-06-01 10:00:30,LOGIN,john,219.15.110.151,FAILED
2026-06-01 10:01:00,NETWORK_CONNECTION,test,12.108.188.54,OUTBOUND
2026-06-01 10:01:30,NETWORK_CONNECTION,john,102.253.93.203,OUTBOUND
2026-06-01 10:02:00,FILE_ACCESS,mary,142.243.81.53,SENSITIVE_FILE
2026-06-01 10:02:30,NETWORK_CONNECTION,guest,136.204.148.26,OUTBOUND
2026-06-01 10:03:00,POWERSHELL,guest,236.38.226.64,EXECUTED
2026-06-01 10:03:30,NETWORK_CONNECTION,john,135.209.228.132,OUTBOUND
2026-06-01 10:04:00,POWERSHELL,admin,95.29.29.40,EXECUTED
2026-06-01 10:04:30,NETWORK_CONNECTION,mary,216.221.110.122,OUTBOUND
2026-06-01 10:05:00,FILE_ACCESS,mary,149.115.23.219,SENSITIVE_FILE
2026-06-01 10:05:30,LOGIN,test,194.206.215.22,SUCCESS
2026-06-01 10:06:00,NETWORK_CONNECTION,guest,220.244.111.199,OUTBOUND
2026-06-01 10:06:30,LOGIN,test,51.118.221.157,FAILED
2026-06-01 10:07:00,POWERSHELL,john,214.91.93.211,EXECUTED
2026-06-01 10:07:30,NETWORK_CONNECTION,admin,10.230.128.151,OUTBOUND
2026-06-01 10:08:00,POWERSHELL,guest,164.216.59.218,EXECUTED
2026-06-01 10:08:30,FILE_ACCESS,john,248.251.196.108,SENSITIVE_FILE
2026-06-01 10:09:00,POWERSHELL,mary,133.41.126.97,EXECUTED
2026-06-01 10:09:30,NETWORK_CONNECTION,john,229.244.254.122,OUTBOUND
2026-06-01 10:10:00,LOGIN,john,177.231.179.44,SUCCESS
2026-06-01 10:10:30,FILE_ACCESS,guest,4.49.144.49,SENSITIVE_FILE
2026-06-01 10:11:00,NETWORK_CONNECTION,admin,195.159.139.136,OUTBOUND
2026-06-01 10:11:30,POWERSHELL,test,212.62.182.175,EXECUTED
2026-06-01 10:12:00,POWERSHELL,john,77.115.44.245,EXECUTED
2026-06-01 10:12:30,POWERSHELL,test,90.149.238.120,EXECUTED
2026-06-01 10:13:00,FILE_ACCESS,test,20.93.28.200,SENSITIVE_FILE
2026-06-01 10:13:30,NETWORK_CONNECTION,mary,14.172.42.85,OUTBOUND
2026-06-01 10:14:00,NETWORK_CONNECTION,mary,218.118.61.46,OUTBOUND
2026-06-01 10:14:30,POWERSHELL,test,224.88.232.73,EXECUTED
2026-06-01 10:15:00,FILE_ACCESS,mary,249.26.172.121,SENSITIVE_FILE
2026-06-01 10:15:30,FILE_ACCESS,john,44.127.197.22,SENSITIVE_FILE
2026-06-01 10:16:00,NETWORK_CONNECTION,john,221.212.204.118,OUTBOUND
2026-06-01 10:16:30,NETWORK_CONNECTION,john,71.43.237.228,OUTBOUND
2026-06-01 10:17:00,POWERSHELL,john,249.235.11.72,EXECUTED
2026-06-01 10:17:30,NETWORK_CONNECTION,admin,167.81.110.241,OUTBOUND
2026-06-01 10:18:00,LOGIN,john,114.72.213.216,SUCCESS
2026-06-01 10:18:30,POWERSHELL,test,58.159.204.128,EXECUTED
2026-06-01 10:19:00,LOGIN,mary,58.179.6.97,SUCCESS
2026-06-01 10:19:30,FILE_ACCESS,admin,137.30.152.240,SENSITIVE_FILE
2026-06-01 10:20:00,POWERSHELL,test,113.70.211.69,EXECUTED
2026-06-01 10:20:30,POWERSHELL,test,18.174.47.242,EXECUTED
2026-06-01 10:21:00,LOGIN,john,43.197.29.115,FAILED
2026-06-01 10:21:30,POWERSHELL,guest,24.86.82.201,EXECUTED
2026-06-01 10:22:00,POWERSHELL,mary,194.1.5.72,EXECUTED
2026-06-01 10:22:30,LOGIN,guest,77.72.193.32,FAILED
2026-06-01 10:23:00,NETWORK_CONNECTION,test,9.116.65.216,OUTBOUND
2026-06-01 10:23:30,LOGIN,admin,65.168.212.246,SUCCESS
2026-06-01 10:24:00,FILE_ACCESS,admin,15.62.77.31,SENSITIVE_FILE
2026-06-01 10:24:30,LOGIN,admin,88.135.48.191,FAILED
2026-06-01 10:25:00,NETWORK_CONNECTION,test,16.251.219.133,OUTBOUND
2026-06-01 10:25:30,POWERSHELL,john,12.140.197.223,EXECUTED
2026-06-01 10:26:00,LOGIN,test,250.10.200.120,SUCCESS
2026-06-01 10:26:30,POWERSHELL,guest,168.206.150.151,EXECUTED
2026-06-01 10:27:00,NETWORK_CONNECTION,mary,67.163.13.70,OUTBOUND
2026-06-01 10:27:30,POWERSHELL,john,150.207.72.160,EXECUTED
2026-06-01 10:28:00,LOGIN,guest,137.56.105.15,FAILED
2026-06-01 10:28:30,LOGIN,guest,158.17.232.90,SUCCESS
2026-06-01 10:29:00,NETWORK_CONNECTION,mary,147.208.90.208,OUTBOUND
2026-06-01 10:29:30,FILE_ACCESS,admin,224.191.43.154,SENSITIVE_FILE
2026-06-01 10:30:00,LOGIN,admin,147.51.33.116,SUCCESS
2026-06-01 10:30:30,LOGIN,john,235.195.46.208,SUCCESS
2026-06-01 10:31:00,FILE_ACCESS,john,211.159.130.35,SENSITIVE_FILE
2026-06-01 10:31:30,POWERSHELL,admin,123.148.209.183,EXECUTED
2026-06-01 10:32:00,POWERSHELL,mary,185.53.49.243,EXECUTED
2026-06-01 10:32:30,NETWORK_CONNECTION,test,118.138.116.231,OUTBOUND
2026-06-01 10:33:00,POWERSHELL,admin,109.225.215.91,EXECUTED
2026-06-01 10:33:30,FILE_ACCESS,test,39.218.217.55,SENSITIVE_FILE
2026-06-01 10:34:00,FILE_ACCESS,admin,49.30.6.74,SENSITIVE_FILE
2026-06-01 10:34:30,POWERSHELL,mary,241.32.142.8,EXECUTED
2026-06-01 10:35:00,POWERSHELL,test,207.49.49.11,EXECUTED
2026-06-01 10:35:30,POWERSHELL,test,1.61.250.118,EXECUTED
2026-06-01 10:36:00,POWERSHELL,john,14.215.76.182,EXECUTED
2026-06-01 10:36:30,NETWORK_CONNECTION,guest,192.235.15.212,OUTBOUND
2026-06-01 10:37:00,POWERSHELL,mary,112.220.90.59,EXECUTED
2026-06-01 10:37:30,POWERSHELL,test,16.58.128.74,EXECUTED
2026-06-01 10:38:00,FILE_ACCESS,john,62.156.120.203,SENSITIVE_FILE
2026-06-01 10:38:30,POWERSHELL,test,194.74.144.190,EXECUTED
2026-06-01 10:39:00,FILE_ACCESS,guest,53.219.191.197,SENSITIVE_FILE
2026-06-01 10:39:30,POWERSHELL,admin,207.62.100.121,EXECUTED
2026-06-01 10:40:00,NETWORK_CONNECTION,mary,240.253.151.87,OUTBOUND
2026-06-01 10:40:30,POWERSHELL,john,45.122.173.179,EXECUTED
2026-06-01 10:41:00,LOGIN,admin,251.253.81.218,SUCCESS
2026-06-01 10:41:30,FILE_ACCESS,mary,119.183.39.59,SENSITIVE_FILE
2026-06-01 10:42:00,FILE_ACCESS,mary,250.65.173.12,SENSITIVE_FILE
2026-06-01 10:42:30,LOGIN,guest,53.165.140.44,SUCCESS
2026-06-01 10:43:00,FILE_ACCESS,test,108.218.128.220,SENSITIVE_FILE
2026-06-01 10:43:30,NETWORK_CONNECTION,admin,245.114.132.66,OUTBOUND
2026-06-01 10:44:00,POWERSHELL,test,94.239.210.149,EXECUTED
2026-06-01 10:44:30,NETWORK_CONNECTION,mary,111.125.154.157,OUTBOUND
2026-06-01 10:45:00,FILE_ACCESS,guest,192.233.21.218,SENSITIVE_FILE
2026-06-01 10:45:30,POWERSHELL,mary,97.215.106.255,EXECUTED
2026-06-01 10:46:00,FILE_ACCESS,mary,36.164.249.164,SENSITIVE_FILE
2026-06-01 10:46:30,LOGIN,guest,40.240.30.195,FAILED
2026-06-01 10:47:00,NETWORK_CONNECTION,mary,211.12.133.234,OUTBOUND
2026-06-01 10:47:30,NETWORK_CONNECTION,test,61.47.217.83,OUTBOUND
2026-06-01 10:48:00,POWERSHELL,mary,208.66.252.140,EXECUTED
2026-06-01 10:48:30,NETWORK_CONNECTION,mary,246.106.217.39,OUTBOUND
2026-06-01 10:49:00,FILE_ACCESS,test,140.140.186.209,SENSITIVE_FILE
2026-06-01 10:49:30,FILE_ACCESS,mary,117.253.140.48,SENSITIVE_FILE
2026-06-01 10:50:00,POWERSHELL,guest,132.102.180.14,EXECUTED
2026-06-01 10:50:30,LOGIN,mary,178.72.77.187,SUCCESS
2026-06-01 10:51:00,FILE_ACCESS,guest,21.48.19.50,SENSITIVE_FILE
2026-06-01 10:51:30,FILE_ACCESS,test,87.192.144.44,SENSITIVE_FILE
2026-06-01 10:52:00,FILE_ACCESS,test,45.60.108.124,SENSITIVE_FILE
2026-06-01 10:52:30,POWERSHELL,guest,96.26.76.180,EXECUTED
2026-06-01 10:53:00,NETWORK_CONNECTION,john,133.147.116.60,OUTBOUND
2026-06-01 10:53:30,POWERSHELL,john,129.197.95.243,EXECUTED
2026-06-01 10:54:00,POWERSHELL,mary,5.242.209.77,EXECUTED
2026-06-01 10:54:30,POWERSHELL,test,67.66.190.7,EXECUTED
2026-06-01 10:55:00,LOGIN,john,21.73.164.75,FAILED
2026-06-01 10:55:30,POWERSHELL,john,149.94.12.52,EXECUTED
2026-06-01 10:56:00,LOGIN,guest,34.41.116.176,FAILED
2026-06-01 10:56:30,LOGIN,mary,75.156.97.38,SUCCESS
2026-06-01 10:57:00,POWERSHELL,mary,8.107.142.198,EXECUTED
2026-06-01 10:57:30,NETWORK_CONNECTION,test,236.83.156.65,OUTBOUND
2026-06-01 10:58:00,FILE_ACCESS,test,193.212.67.165,SENSITIVE_FILE
2026-06-01 10:58:30,LOGIN,admin,145.95.226.94,FAILED
2026-06-01 10:59:00,NETWORK_CONNECTION,admin,24.252.196.104,OUTBOUND
2026-06-01 10:59:30,NETWORK_CONNECTION,guest,46.86.191.248,OUTBOUND
2026-06-01 11:00:00,NETWORK_CONNECTION,test,128.189.58.190,OUTBOUND
2026-06-01 11:00:30,NETWORK_CONNECTION,john,63.181.190.137,OUTBOUND
2026-06-01 11:01:00,NETWORK_CONNECTION,john,75.23.17.227,OUTBOUND
2026-06-01 11:01:30,NETWORK_CONNECTION,mary,27.1.69.58,OUTBOUND
2026-06-01 11:02:00,POWERSHELL,john,238.31.164.131,EXECUTED
2026-06-01 11:02:30,NETWORK_CONNECTION,guest,93.10.254.107,OUTBOUND
2026-06-01 11:03:00,NETWORK_CONNECTION,mary,105.119.122.247,OUTBOUND
2026-06-01 11:03:30,LOGIN,john,76.107.226.197,SUCCESS
2026-06-01 11:04:00,NETWORK_CONNECTION,john,52.98.108.203,OUTBOUND
2026-06-01 11:04:30,FILE_ACCESS,test,168.143.119.216,SENSITIVE_FILE
2026-06-01 11:05:00,LOGIN,test,43.122.63.107,SUCCESS
2026-06-01 11:05:30,NETWORK_CONNECTION,test,214.119.134.186,OUTBOUND
2026-06-01 11:06:00,NETWORK_CONNECTION,mary,107.225.91.82,OUTBOUND
2026-06-01 11:06:30,NETWORK_CONNECTION,john,10.137.184.102,OUTBOUND
2026-06-01 11:07:00,LOGIN,admin,229.15.45.103,FAILED
2026-06-01 11:07:30,LOGIN,mary,186.137.87.160,FAILED
2026-06-01 11:08:00,LOGIN,admin,154.140.237.75,FAILED
2026-06-01 11:08:30,NETWORK_CONNECTION,admin,62.153.61.9,OUTBOUND
2026-06-01 11:09:00,LOGIN,john,142.47.212.10,FAILED
2026-06-01 11:09:30,LOGIN,admin,67.156.73.140,FAILED
2026-06-01 11:10:00,FILE_ACCESS,guest,156.122.117.29,SENSITIVE_FILE
2026-06-01 11:10:30,FILE_ACCESS,test,182.215.120.205,SENSITIVE_FILE
2026-06-01 11:11:00,FILE_ACCESS,guest,147.129.222.80,SENSITIVE_FILE
2026-06-01 11:11:30,NETWORK_CONNECTION,admin,136.30.167.42,OUTBOUND
2026-06-01 11:12:00,LOGIN,admin,234.19.211.93,SUCCESS
2026-06-01 11:12:30,FILE_ACCESS,admin,191.155.214.30,SENSITIVE_FILE
2026-06-01 11:13:00,POWERSHELL,guest,29.206.175.172,EXECUTED
2026-06-01 11:13:30,FILE_ACCESS,admin,108.101.84.77,SENSITIVE_FILE
2026-06-01 11:14:00,LOGIN,admin,110.222.204.84,SUCCESS
2026-06-01 11:14:30,FILE_ACCESS,admin,207.87.24.96,SENSITIVE_FILE
2026-06-01 11:15:00,NETWORK_CONNECTION,test,80.74.99.145,OUTBOUND
2026-06-01 11:15:30,NETWORK_CONNECTION,test,133.13.63.226,OUTBOUND
2026-06-01 11:16:00,NETWORK_CONNECTION,admin,246.240.114.217,OUTBOUND
2026-06-01 11:16:30,FILE_ACCESS,mary,166.65.187.118,SENSITIVE_FILE
2026-06-01 11:17:00,FILE_ACCESS,john,116.39.123.55,SENSITIVE_FILE
2026-06-01 11:17:30,POWERSHELL,test,80.185.195.58,EXECUTED
2026-06-01 11:18:00,LOGIN,john,43.106.69.223,SUCCESS
2026-06-01 11:18:30,FILE_ACCESS,test,108.64.25.206,SENSITIVE_FILE
2026-06-01 11:19:00,POWERSHELL,test,130.62.77.79,EXECUTED
2026-06-01 11:19:30,NETWORK_CONNECTION,mary,82.237.171.236,OUTBOUND
2026-06-01 11:20:00,NETWORK_CONNECTION,test,131.75.250.25,OUTBOUND
2026-06-01 11:20:30,POWERSHELL,admin,116.177.3.232,EXECUTED
2026-06-01 11:21:00,LOGIN,admin,169.7.189.47,FAILED
2026-06-01 11:21:30,LOGIN,guest,126.100.31.83,FAILED
2026-06-01 11:22:00,POWERSHELL,admin,45.227.121.104,EXECUTED
2026-06-01 11:22:30,FILE_ACCESS,john,21.1.224.243,SENSITIVE_FILE
2026-06-01 11:23:00,LOGIN,test,163.151.7.33,SUCCESS
2026-06-01 11:23:30,POWERSHELL,mary,103.117.154.37,EXECUTED
2026-06-01 11:24:00,NETWORK_CONNECTION,guest,79.223.199.42,OUTBOUND
2026-06-01 11:24:30,NETWORK_CONNECTION,test,209.6.129.181,OUTBOUND
2026-06-01 11:25:00,POWERSHELL,test,196.228.48.244,EXECUTED
2026-06-01 11:25:30,POWERSHELL,mary,215.73.16.61,EXECUTED
2026-06-01 11:26:00,FILE_ACCESS,guest,148.8.142.97,SENSITIVE_FILE
2026-06-01 11:26:30,LOGIN,mary,90.112.174.87,SUCCESS
2026-06-01 11:27:00,FILE_ACCESS,guest,80.141.101.199,SENSITIVE_FILE
2026-06-01 11:27:30,POWERSHELL,test,89.224.111.95,EXECUTED
2026-06-01 11:28:00,FILE_ACCESS,mary,91.152.205.24,SENSITIVE_FILE
2026-06-01 11:28:30,POWERSHELL,mary,158.94.113.250,EXECUTED
2026-06-01 11:29:00,FILE_ACCESS,test,208.31.227.116,SENSITIVE_FILE
2026-06-01 11:29:30,LOGIN,mary,48.213.25.254,FAILED
2026-06-01 11:30:00,POWERSHELL,guest,23.6.71.96,EXECUTED
2026-06-01 11:30:30,LOGIN,mary,170.118.144.25,FAILED
2026-06-01 11:31:00,POWERSHELL,john,97.86.212.161,EXECUTED
2026-06-01 11:31:30,POWERSHELL,mary,149.18.98.42,EXECUTED
2026-06-01 11:32:00,POWERSHELL,guest,51.56.179.221,EXECUTED
2026-06-01 11:32:30,FILE_ACCESS,guest,34.133.137.15,SENSITIVE_FILE
2026-06-01 11:33:00,LOGIN,john,187.112.170.119,FAILED
2026-06-01 11:33:30,NETWORK_CONNECTION,admin,236.34.26.57,OUTBOUND
2026-06-01 11:34:00,POWERSHELL,guest,93.108.219.147,EXECUTED
2026-06-01 11:34:30,POWERSHELL,mary,81.211.125.21,EXECUTED
2026-06-01 11:35:00,FILE_ACCESS,mary,132.43.6.139,SENSITIVE_FILE
2026-06-01 11:35:30,POWERSHELL,admin,38.47.157.125,EXECUTED
2026-06-01 11:36:00,POWERSHELL,guest,108.141.132.48,EXECUTED
2026-06-01 11:36:30,POWERSHELL,mary,151.174.201.144,EXECUTED
2026-06-01 11:37:00,POWERSHELL,mary,129.172.60.52,EXECUTED
2026-06-01 11:37:30,FILE_ACCESS,guest,223.116.145.140,SENSITIVE_FILE
2026-06-01 11:38:00,LOGIN,guest,100.117.94.203,SUCCESS
2026-06-01 11:38:30,LOGIN,john,146.57.157.41,FAILED
2026-06-01 11:39:00,LOGIN,test,103.54.151.154,SUCCESS
2026-06-01 11:39:30,NETWORK_CONNECTION,admin,148.231.218.114,OUTBOUND
2026-06-01 11:40:00,FILE_ACCESS,admin,25.83.3.192,SENSITIVE_FILE
2026-06-01 11:40:30,LOGIN,mary,10.241.97.206,SUCCESS
2026-06-01 11:41:00,LOGIN,john,154.146.217.73,SUCCESS
2026-06-01 11:41:30,POWERSHELL,test,247.228.129.139,EXECUTED
2026-06-01 11:42:00,POWERSHELL,mary,124.162.191.236,EXECUTED
2026-06-01 11:42:30,LOGIN,mary,178.21.248.21,FAILED
2026-06-01 11:43:00,FILE_ACCESS,mary,179.120.126.62,SENSITIVE_FILE
2026-06-01 11:43:30,POWERSHELL,guest,232.202.52.235,EXECUTED
2026-06-01 11:44:00,POWERSHELL,guest,179.41.28.221,EXECUTED
2026-06-01 11:44:30,POWERSHELL,john,95.137.239.196,EXECUTED
2026-06-01 11:45:00,NETWORK_CONNECTION,admin,152.126.146.247,OUTBOUND
2026-06-01 11:45:30,POWERSHELL,mary,180.96.207.12,EXECUTED
2026-06-01 11:46:00,NETWORK_CONNECTION,mary,160.246.239.145,OUTBOUND
2026-06-01 11:46:30,NETWORK_CONNECTION,test,44.133.185.175,OUTBOUND
2026-06-01 11:47:00,FILE_ACCESS,test,58.162.171.126,SENSITIVE_FILE
2026-06-01 11:47:30,POWERSHELL,guest,148.7.35.126,EXECUTED
2026-06-01 11:48:00,LOGIN,mary,225.112.241.213,FAILED
2026-06-01 11:48:30,LOGIN,test,206.130.243.88,SUCCESS
2026-06-01 11:49:00,LOGIN,admin,17.68.165.121,SUCCESS
2026-06-01 11:49:30,NETWORK_CONNECTION,john,184.21.10.31,OUTBOUND
2026-06-01 11:50:00,LOGIN,john,22.155.43.7,SUCCESS
2026-06-01 11:50:30,NETWORK_CONNECTION,guest,34.88.254.148,OUTBOUND
2026-06-01 11:51:00,FILE_ACCESS,guest,174.129.209.147,SENSITIVE_FILE
2026-06-01 11:51:30,POWERSHELL,admin,178.18.122.137,EXECUTED
2026-06-01 11:52:00,POWERSHELL,guest,62.245.120.8,EXECUTED
2026-06-01 11:52:30,LOGIN,test,146.115.177.93,FAILED
2026-06-01 11:53:00,LOGIN,guest,64.47.109.116,SUCCESS
2026-06-01 11:53:30,FILE_ACCESS,admin,6.23.206.168,SENSITIVE_FILE
2026-06-01 11:54:00,NETWORK_CONNECTION,admin,164.75.37.132,OUTBOUND
2026-06-01 11:54:30,FILE_ACCESS,admin,224.49.245.36,SENSITIVE_FILE
2026-06-01 11:55:00,NETWORK_CONNECTION,guest,248.7.120.19,OUTBOUND
2026-06-01 11:55:30,NETWORK_CONNECTION,admin,159.158.198.112,OUTBOUND
2026-06-01 11:56:00,NETWORK_CONNECTION,mary,7.121.78.167,OUTBOUND
2026-06-01 11:56:30,POWERSHELL,test,129.216.23.109,EXECUTED
2026-06-01 11:57:00,FILE_ACCESS,admin,31.92.152.48,SENSITIVE_FILE
2026-06-01 11:57:30,FILE_ACCESS,john,43.66.186.18,SENSITIVE_FILE
2026-06-01 11:58:00,POWERSHELL,admin,109.113.90.209,EXECUTED
2026-06-01 11:58:30,LOGIN,mary,175.70.93.246,FAILED
2026-06-01 11:59:00,POWERSHELL,john,108.79.103.103,EXECUTED
2026-06-01 11:59:30,LOGIN,mary,245.123.14.249,SUCCESS
2026-06-01 12:00:00,POWERSHELL,guest,102.49.246.9,EXECUTED
2026-06-01 12:00:30,FILE_ACCESS,mary,200.66.205.67,SENSITIVE_FILE
2026-06-01 12:01:00,NETWORK_CONNECTION,guest,134.102.233.74,OUTBOUND
2026-06-01 12:01:30,NETWORK_CONNECTION,mary,89.243.120.178,OUTBOUND
2026-06-01 12:02:00,POWERSHELL,john,172.96.194.255,EXECUTED
2026-06-01 12:02:30,POWERSHELL,guest,41.105.74.102,EXECUTED
2026-06-01 12:03:00,LOGIN,guest,173.133.166.204,SUCCESS
2026-06-01 12:03:30,POWERSHELL,admin,81.113.246.66,EXECUTED
2026-06-01 12:04:00,FILE_ACCESS,test,179.167.179.54,SENSITIVE_FILE
2026-06-01 12:04:30,POWERSHELL,admin,153.151.84.140,EXECUTED
2026-06-01 12:05:00,POWERSHELL,admin,143.138.171.108,EXECUTED
2026-06-01 12:05:30,FILE_ACCESS,guest,63.11.174.58,SENSITIVE_FILE
2026-06-01 12:06:00,NETWORK_CONNECTION,admin,74.114.116.250,OUTBOUND
2026-06-01 12:06:30,FILE_ACCESS,admin,18.93.237.41,SENSITIVE_FILE
2026-06-01 12:07:00,LOGIN,test,85.179.153.141,SUCCESS
2026-06-01 12:07:30,POWERSHELL,guest,32.13.246.245,EXECUTED
2026-06-01 12:08:00,NETWORK_CONNECTION,test,113.77.16.37,OUTBOUND
2026-06-01 12:08:30,FILE_ACCESS,john,57.38.5.76,SENSITIVE_FILE
2026-06-01 12:09:00,LOGIN,admin,151.85.198.169,FAILED
2026-06-01 12:09:30,LOGIN,test,121.40.179.29,SUCCESS
2026-06-01 12:10:00,LOGIN,mary,86.189.176.192,FAILED
2026-06-01 12:10:30,LOGIN,mary,64.245.225.31,SUCCESS
2026-06-01 12:11:00,POWERSHELL,admin,215.179.64.112,EXECUTED
2026-06-01 12:11:30,LOGIN,admin,35.210.210.171,FAILED
2026-06-01 12:12:00,POWERSHELL,test,195.74.83.85,EXECUTED
2026-06-01 12:12:30,LOGIN,guest,17.222.251.149,FAILED
2026-06-01 12:13:00,POWERSHELL,admin,43.11.51.36,EXECUTED
2026-06-01 12:13:30,LOGIN,mary,94.146.168.36,SUCCESS
2026-06-01 12:14:00,POWERSHELL,admin,85.212.43.48,EXECUTED
2026-06-01 12:14:30,FILE_ACCESS,admin,77.132.134.133,SENSITIVE_FILE
2026-06-01 12:15:00,FILE_ACCESS,guest,16.192.127.48,SENSITIVE_FILE
2026-06-01 12:15:30,NETWORK_CONNECTION,admin,207.142.231.81,OUTBOUND
2026-06-01 12:16:00,POWERSHELL,admin,250.50.96.118,EXECUTED
2026-06-01 12:16:30,FILE_ACCESS,john,59.87.163.197,SENSITIVE_FILE
2026-06-01 12:17:00,POWERSHELL,guest,214.23.32.200,EXECUTED
2026-06-01 12:17:30,NETWORK_CONNECTION,test,8.221.108.4,OUTBOUND
2026-06-01 12:18:00,LOGIN,guest,238.121.92.192,FAILED
2026-06-01 12:18:30,POWERSHELL,mary,74.12.125.5,EXECUTED
2026-06-01 12:19:00,NETWORK_CONNECTION,john,165.137.13.27,OUTBOUND
2026-06-01 12:19:30,LOGIN,mary,51.135.165.241,SUCCESS
2026-06-01 12:20:00,POWERSHELL,john,89.148.123.196,EXECUTED
2026-06-01 12:20:30,FILE_ACCESS,mary,138.169.185.161,SENSITIVE_FILE
2026-06-01 12:21:00,FILE_ACCESS,john,135.150.202.44,SENSITIVE_FILE
2026-06-01 12:21:30,LOGIN,guest,43.29.62.164,SUCCESS
2026-06-01 12:22:00,POWERSHELL,test,224.194.141.136,EXECUTED
2026-06-01 12:22:30,POWERSHELL,guest,106.184.231.155,EXECUTED
2026-06-01 12:23:00,LOGIN,admin,119.15.42.205,SUCCESS
2026-06-01 12:23:30,NETWORK_CONNECTION,mary,237.193.212.158,OUTBOUND
2026-06-01 12:24:00,FILE_ACCESS,mary,94.118.96.233,SENSITIVE_FILE
2026-06-01 12:24:30,NETWORK_CONNECTION,mary,205.84.128.2,OUTBOUND
2026-06-01 12:25:00,LOGIN,guest,174.221.73.81,SUCCESS
2026-06-01 12:25:30,POWERSHELL,guest,222.245.84.191,EXECUTED
2026-06-01 12:26:00,POWERSHELL,mary,248.58.97.26,EXECUTED
2026-06-01 12:26:30,NETWORK_CONNECTION,test,73.248.143.61,OUTBOUND
2026-06-01 12:27:00,FILE_ACCESS,test,105.147.43.154,SENSITIVE_FILE
2026-06-01 12:27:30,NETWORK_CONNECTION,mary,11.188.252.184,OUTBOUND
2026-06-01 12:28:00,NETWORK_CONNECTION,mary,32.33.54.41,OUTBOUND
2026-06-01 12:28:30,POWERSHELL,admin,98.109.62.32,EXECUTED
2026-06-01 12:29:00,FILE_ACCESS,test,4.228.166.67,SENSITIVE_FILE
2026-06-01 12:29:30,NETWORK_CONNECTION,mary,72.163.186.160,OUTBOUND
2026-06-01 12:30:00,POWERSHELL,guest,158.188.167.143,EXECUTED
2026-06-01 12:30:30,NETWORK_CONNECTION,john,217.34.52.135,OUTBOUND
2026-06-01 12:31:00,FILE_ACCESS,guest,78.95.45.70,SENSITIVE_FILE
2026-06-01 12:31:30,POWERSHELL,mary,249.193.90.136,EXECUTED
2026-06-01 12:32:00,FILE_ACCESS,mary,209.96.60.86,SENSITIVE_FILE
2026-06-01 12:32:30,LOGIN,guest,102.191.127.238,FAILED
2026-06-01 12:33:00,LOGIN,test,132.80.180.90,FAILED
2026-06-01 12:33:30,FILE_ACCESS,john,227.247.182.65,SENSITIVE_FILE
2026-06-01 12:34:00,POWERSHELL,admin,99.84.32.149,EXECUTED
2026-06-01 12:34:30,NETWORK_CONNECTION,guest,192.34.131.215,OUTBOUND
2026-06-01 12:35:00,POWERSHELL,admin,238.50.201.72,EXECUTED
2026-06-01 12:35:30,NETWORK_CONNECTION,mary,105.183.67.126,OUTBOUND
2026-06-01 12:36:00,POWERSHELL,john,37.10.236.89,EXECUTED
2026-06-01 12:36:30,FILE_ACCESS,john,67.152.146.132,SENSITIVE_FILE
2026-06-01 12:37:00,FILE_ACCESS,guest,17.30.102.239,SENSITIVE_FILE
2026-06-01 12:37:30,FILE_ACCESS,admin,156.115.137.50,SENSITIVE_FILE
2026-06-01 12:38:00,FILE_ACCESS,test,122.150.96.38,SENSITIVE_FILE
2026-06-01 12:38:30,NETWORK_CONNECTION,guest,45.21.234.227,OUTBOUND
2026-06-01 12:39:00,POWERSHELL,guest,39.172.133.121,EXECUTED
2026-06-01 12:39:30,NETWORK_CONNECTION,test,85.101.49.211,OUTBOUND
2026-06-01 12:40:00,LOGIN,john,229.51.61.236,SUCCESS
2026-06-01 12:40:30,NETWORK_CONNECTION,mary,111.94.138.127,OUTBOUND
2026-06-01 12:41:00,POWERSHELL,mary,87.104.211.177,EXECUTED
2026-06-01 12:41:30,LOGIN,admin,55.83.224.13,SUCCESS
2026-06-01 12:42:00,POWERSHELL,mary,170.237.193.235,EXECUTED
2026-06-01 12:42:30,LOGIN,admin,251.26.70.229,FAILED
2026-06-01 12:43:00,POWERSHELL,test,82.205.218.82,EXECUTED
2026-06-01 12:43:30,FILE_ACCESS,admin,181.80.222.20,SENSITIVE_FILE
2026-06-01 12:44:00,LOGIN,john,231.183.158.167,SUCCESS
2026-06-01 12:44:30,NETWORK_CONNECTION,mary,236.205.141.239,OUTBOUND
2026-06-01 12:45:00,LOGIN,admin,91.120.34.115,FAILED
2026-06-01 12:45:30,POWERSHELL,john,72.185.40.129,EXECUTED
2026-06-01 12:46:00,POWERSHELL,mary,69.210.255.157,EXECUTED
2026-06-01 12:46:30,LOGIN,guest,194.251.3.159,FAILED
2026-06-01 12:47:00,FILE_ACCESS,mary,138.126.142.109,SENSITIVE_FILE
2026-06-01 12:47:30,NETWORK_CONNECTION,mary,223.121.76.13,OUTBOUND
2026-06-01 12:48:00,FILE_ACCESS,mary,237.131.211.45,SENSITIVE_FILE
2026-06-01 12:48:30,NETWORK_CONNECTION,guest,226.81.207.23,OUTBOUND
2026-06-01 12:49:00,LOGIN,admin,225.13.89.60,SUCCESS
2026-06-01 12:49:30,FILE_ACCESS,admin,176.75.98.152,SENSITIVE_FILE
2026-06-01 12:50:00,LOGIN,test,169.157.100.227,FAILED
2026-06-01 12:50:30,FILE_ACCESS,admin,70.233.148.134,SENSITIVE_FILE
2026-06-01 12:51:00,NETWORK_CONNECTION,test,225.235.253.185,OUTBOUND
2026-06-01 12:51:30,NETWORK_CONNECTION,mary,170.109.94.14,OUTBOUND
2026-06-01 12:52:00,LOGIN,john,8.113.119.216,SUCCESS
2026-06-01 12:52:30,FILE_ACCESS,mary,234.4.77.166,SENSITIVE_FILE
2026-06-01 12:53:00,LOGIN,mary,197.20.233.116,SUCCESS
2026-06-01 12:53:30,NETWORK_CONNECTION,admin,122.149.142.234,OUTBOUND
2026-06-01 12:54:00,NETWORK_CONNECTION,guest,112.189.241.11,OUTBOUND
2026-06-01 12:54:30,NETWORK_CONNECTION,test,191.188.108.248,OUTBOUND
2026-06-01 12:55:00,LOGIN,test,78.90.195.196,FAILED
2026-06-01 12:55:30,POWERSHELL,guest,225.19.149.135,EXECUTED
2026-06-01 12:56:00,NETWORK_CONNECTION,mary,171.208.176.2,OUTBOUND
2026-06-01 12:56:30,POWERSHELL,john,19.183.80.89,EXECUTED
2026-06-01 12:57:00,NETWORK_CONNECTION,test,18.160.129.235,OUTBOUND
2026-06-01 12:57:30,LOGIN,mary,121.75.248.114,SUCCESS
2026-06-01 12:58:00,LOGIN,john,82.4.236.176,FAILED
2026-06-01 12:58:30,POWERSHELL,guest,32.111.178.157,EXECUTED
2026-06-01 12:59:00,NETWORK_CONNECTION,admin,74.23.27.112,OUTBOUND
2026-06-01 12:59:30,POWERSHELL,admin,135.196.73.236,EXECUTED
2026-06-01 13:00:00,POWERSHELL,admin,240.231.136.92,EXECUTED
2026-06-01 13:00:30,LOGIN,mary,135.31.105.60,FAILED
2026-06-01 13:01:00,NETWORK_CONNECTION,admin,147.239.189.164,OUTBOUND
2026-06-01 13:01:30,LOGIN,test,194.206.167.242,SUCCESS
2026-06-01 13:02:00,NETWORK_CONNECTION,test,225.18.11.125,OUTBOUND
2026-06-01 13:02:30,LOGIN,admin,151.242.1.166,SUCCESS
2026-06-01 13:03:00,FILE_ACCESS,mary,92.220.27.15,SENSITIVE_FILE
2026-06-01 13:03:30,LOGIN,john,122.241.35.122,FAILED
2026-06-01 13:04:00,NETWORK_CONNECTION,guest,190.111.185.162,OUTBOUND
2026-06-01 13:04:30,NETWORK_CONNECTION,guest,226.66.54.7,OUTBOUND
2026-06-01 13:05:00,LOGIN,guest,80.152.67.138,FAILED
2026-06-01 13:05:30,FILE_ACCESS,john,41.19.63.179,SENSITIVE_FILE
2026-06-01 13:06:00,LOGIN,mary,181.177.103.33,SUCCESS
2026-06-01 13:06:30,FILE_ACCESS,mary,107.181.236.185,SENSITIVE_FILE
2026-06-01 13:07:00,FILE_ACCESS,admin,131.70.102.46,SENSITIVE_FILE
2026-06-01 13:07:30,POWERSHELL,john,55.182.106.152,EXECUTED
2026-06-01 13:08:00,FILE_ACCESS,admin,226.129.46.213,SENSITIVE_FILE
2026-06-01 13:08:30,POWERSHELL,test,27.133.232.182,EXECUTED
2026-06-01 13:09:00,LOGIN,admin,196.119.22.127,FAILED
2026-06-01 13:09:30,NETWORK_CONNECTION,john,63.166.127.125,OUTBOUND
2026-06-01 13:10:00,POWERSHELL,john,5.13.205.201,EXECUTED
2026-06-01 13:10:30,FILE_ACCESS,john,194.133.198.15,SENSITIVE_FILE
2026-06-01 13:11:00,FILE_ACCESS,guest,36.200.75.51,SENSITIVE_FILE
2026-06-01 13:11:30,POWERSHELL,mary,188.228.1.50,EXECUTED
2026-06-01 13:12:00,FILE_ACCESS,john,245.75.16.209,SENSITIVE_FILE
2026-06-01 13:12:30,LOGIN,guest,238.239.183.189,SUCCESS
2026-06-01 13:13:00,POWERSHELL,mary,199.209.179.229,EXECUTED
2026-06-01 13:13:30,LOGIN,test,153.64.73.117,FAILED
2026-06-01 13:14:00,NETWORK_CONNECTION,guest,206.159.121.204,OUTBOUND
2026-06-01 13:14:30,LOGIN,test,242.252.81.230,FAILED
2026-06-01 13:15:00,LOGIN,admin,189.29.212.218,SUCCESS
2026-06-01 13:15:30,FILE_ACCESS,john,20.103.179.150,SENSITIVE_FILE
2026-06-01 13:16:00,NETWORK_CONNECTION,test,231.162.121.237,OUTBOUND
2026-06-01 13:16:30,NETWORK_CONNECTION,guest,244.8.239.148,OUTBOUND
2026-06-01 13:17:00,POWERSHELL,test,175.114.104.53,EXECUTED
2026-06-01 13:17:30,NETWORK_CONNECTION,admin,176.52.5.149,OUTBOUND
2026-06-01 13:18:00,FILE_ACCESS,mary,98.213.190.236,SENSITIVE_FILE
2026-06-01 13:18:30,NETWORK_CONNECTION,admin,36.10.109.250,OUTBOUND
2026-06-01 13:19:00,NETWORK_CONNECTION,admin,245.25.223.93,OUTBOUND
2026-06-01 13:19:30,LOGIN,test,140.250.103.237,SUCCESS
2026-06-01 13:20:00,FILE_ACCESS,admin,101.99.16.158,SENSITIVE_FILE
2026-06-01 13:20:30,LOGIN,john,231.17.104.182,SUCCESS
2026-06-01 13:21:00,NETWORK_CONNECTION,john,171.14.190.3,OUTBOUND
2026-06-01 13:21:30,NETWORK_CONNECTION,guest,199.83.30.32,OUTBOUND
2026-06-01 13:22:00,NETWORK_CONNECTION,john,255.53.23.130,OUTBOUND
2026-06-01 13:22:30,LOGIN,mary,218.243.249.206,SUCCESS
2026-06-01 13:23:00,FILE_ACCESS,admin,132.245.31.142,SENSITIVE_FILE
2026-06-01 13:23:30,POWERSHELL,mary,128.227.161.247,EXECUTED
2026-06-01 13:24:00,NETWORK_CONNECTION,test,212.184.219.90,OUTBOUND
2026-06-01 13:24:30,LOGIN,test,157.221.162.57,SUCCESS
2026-06-01 13:25:00,POWERSHELL,john,52.188.112.51,EXECUTED
2026-06-01 13:25:30,LOGIN,admin,20.134.197.107,FAILED
2026-06-01 13:26:00,NETWORK_CONNECTION,john,52.240.21.138,OUTBOUND
2026-06-01 13:26:30,POWERSHELL,john,43.109.247.84,EXECUTED
2026-06-01 13:27:00,NETWORK_CONNECTION,mary,249.9.118.49,OUTBOUND
2026-06-01 13:27:30,LOGIN,admin,98.28.28.200,SUCCESS
2026-06-01 13:28:00,FILE_ACCESS,guest,145.159.114.132,SENSITIVE_FILE
2026-06-01 13:28:30,FILE_ACCESS,mary,13.206.31.153,SENSITIVE_FILE
2026-06-01 13:29:00,NETWORK_CONNECTION,mary,138.219.218.189,OUTBOUND
2026-06-01 13:29:30,POWERSHELL,guest,143.153.18.60,EXECUTED
2026-06-01 13:30:00,LOGIN,admin,255.242.251.26,FAILED
2026-06-01 13:30:30,FILE_ACCESS,mary,130.114.234.252,SENSITIVE_FILE
2026-06-01 13:31:00,NETWORK_CONNECTION,test,103.145.249.236,OUTBOUND
2026-06-01 13:31:30,POWERSHELL,test,254.13.28.126,EXECUTED
2026-06-01 13:32:00,FILE_ACCESS,guest,184.204.229.170,SENSITIVE_FILE
2026-06-01 13:32:30,POWERSHELL,guest,6.199.56.80,EXECUTED
2026-06-01 13:33:00,LOGIN,guest,34.209.126.76,FAILED
2026-06-01 13:33:30,LOGIN,mary,22.198.190.244,FAILED
2026-06-01 13:34:00,FILE_ACCESS,guest,202.38.145.254,SENSITIVE_FILE
2026-06-01 13:34:30,NETWORK_CONNECTION,guest,16.214.135.11,OUTBOUND
2026-06-01 13:35:00,LOGIN,admin,112.56.192.240,SUCCESS
2026-06-01 13:35:30,FILE_ACCESS,test,43.51.213.157,SENSITIVE_FILE
2026-06-01 13:36:00,FILE_ACCESS,guest,144.75.123.23,SENSITIVE_FILE
2026-06-01 13:36:30,LOGIN,mary,189.80.238.247,SUCCESS
2026-06-01 13:37:00,FILE_ACCESS,john,232.165.115.29,SENSITIVE_FILE
2026-06-01 13:37:30,FILE_ACCESS,mary,252.19.3.204,SENSITIVE_FILE
2026-06-01 13:38:00,NETWORK_CONNECTION,admin,229.51.42.37,OUTBOUND
2026-06-01 13:38:30,NETWORK_CONNECTION,guest,141.173.98.188,OUTBOUND
2026-06-01 13:39:00,POWERSHELL,guest,167.89.228.248,EXECUTED
2026-06-01 13:39:30,FILE_ACCESS,john,139.47.246.238,SENSITIVE_FILE
2026-06-01 13:40:00,POWERSHELL,mary,178.155.105.60,EXECUTED
2026-06-01 13:40:30,FILE_ACCESS,test,49.31.200.170,SENSITIVE_FILE
2026-06-01 13:41:00,NETWORK_CONNECTION,guest,69.167.160.223,OUTBOUND
2026-06-01 13:41:30,FILE_ACCESS,john,153.39.21.227,SENSITIVE_FILE
2026-06-01 13:42:00,LOGIN,guest,145.197.198.182,SUCCESS
2026-06-01 13:42:30,FILE_ACCESS,john,252.221.26.173,SENSITIVE_FILE
2026-06-01 13:43:00,FILE_ACCESS,mary,255.216.46.6,SENSITIVE_FILE
2026-06-01 13:43:30,POWERSHELL,guest,96.144.92.154,EXECUTED
2026-06-01 13:44:00,NETWORK_CONNECTION,john,148.10.190.221,OUTBOUND
2026-06-01 13:44:30,POWERSHELL,john,37.201.181.3,EXECUTED
2026-06-01 13:45:00,FILE_ACCESS,test,210.26.216.237,SENSITIVE_FILE
2026-06-01 13:45:30,POWERSHELL,mary,62.110.85.36,EXECUTED
2026-06-01 13:46:00,POWERSHELL,mary,171.138.89.68,EXECUTED
2026-06-01 13:46:30,LOGIN,test,165.78.228.178,FAILED
2026-06-01 13:47:00,LOGIN,mary,250.72.192.191,SUCCESS
2026-06-01 13:47:30,POWERSHELL,guest,27.146.201.132,EXECUTED
2026-06-01 13:48:00,POWERSHELL,admin,126.55.252.246,EXECUTED
2026-06-01 13:48:30,LOGIN,mary,41.22.185.210,SUCCESS
2026-06-01 13:49:00,POWERSHELL,test,76.50.185.89,EXECUTED
2026-06-01 13:49:30,LOGIN,admin,175.233.47.78,SUCCESS
2026-06-01 13:50:00,LOGIN,test,74.171.114.138,SUCCESS
2026-06-01 13:50:30,LOGIN,mary,16.183.45.46,FAILED
2026-06-01 13:51:00,FILE_ACCESS,admin,199.88.69.70,SENSITIVE_FILE
2026-06-01 13:51:30,LOGIN,mary,216.13.226.237,SUCCESS
2026-06-01 13:52:00,NETWORK_CONNECTION,test,112.247.178.88,OUTBOUND
2026-06-01 13:52:30,NETWORK_CONNECTION,mary,156.119.42.191,OUTBOUND
2026-06-01 13:53:00,NETWORK_CONNECTION,john,83.105.150.151,OUTBOUND
2026-06-01 13:53:30,POWERSHELL,test,21.61.192.104,EXECUTED
2026-06-01 13:54:00,LOGIN,john,77.236.61.193,SUCCESS
2026-06-01 13:54:30,POWERSHELL,admin,197.30.9.252,EXECUTED
2026-06-01 13:55:00,POWERSHELL,mary,6.213.157.185,EXECUTED
2026-06-01 13:55:30,FILE_ACCESS,john,148.130.251.80,SENSITIVE_FILE
2026-06-01 13:56:00,LOGIN,admin,122.79.31.134,FAILED
2026-06-01 13:56:30,NETWORK_CONNECTION,guest,197.174.161.161,OUTBOUND
2026-06-01 13:57:00,FILE_ACCESS,test,178.123.38.216,SENSITIVE_FILE
2026-06-01 13:57:30,FILE_ACCESS,admin,20.55.52.8,SENSITIVE_FILE
2026-06-01 13:58:00,POWERSHELL,guest,110.183.152.237,EXECUTED
2026-06-01 13:58:30,POWERSHELL,admin,167.97.176.57,EXECUTED
2026-06-01 13:59:00,FILE_ACCESS,admin,68.113.209.177,SENSITIVE_FILE
2026-06-01 13:59:30,NETWORK_CONNECTION,john,5.55.5.31,OUTBOUND
2026-06-01 14:00:00,POWERSHELL,guest,146.150.23.92,EXECUTED
2026-06-01 14:00:30,FILE_ACCESS,admin,116.173.158.26,SENSITIVE_FILE
2026-06-01 14:01:00,FILE_ACCESS,mary,146.96.242.87,SENSITIVE_FILE
2026-06-01 14:01:30,LOGIN,guest,68.109.126.172,SUCCESS
2026-06-01 14:02:00,FILE_ACCESS,john,175.69.75.40,SENSITIVE_FILE
2026-06-01 14:02:30,FILE_ACCESS,admin,227.225.28.20,SENSITIVE_FILE
2026-06-01 14:03:00,FILE_ACCESS,admin,36.151.189.227,SENSITIVE_FILE
2026-06-01 14:03:30,FILE_ACCESS,john,227.93.194.125,SENSITIVE_FILE
2026-06-01 14:04:00,FILE_ACCESS,guest,71.226.24.89,SENSITIVE_FILE
2026-06-01 14:04:30,FILE_ACCESS,test,137.196.174.150,SENSITIVE_FILE
2026-06-01 14:05:00,NETWORK_CONNECTION,admin,97.16.174.202,OUTBOUND
2026-06-01 14:05:30,LOGIN,guest,200.113.20.156,SUCCESS
2026-06-01 14:06:00,FILE_ACCESS,john,199.86.126.206,SENSITIVE_FILE
2026-06-01 14:06:30,LOGIN,john,178.85.137.219,SUCCESS
2026-06-01 14:07:00,NETWORK_CONNECTION,mary,110.76.87.243,OUTBOUND
2026-06-01 14:07:30,FILE_ACCESS,john,196.77.218.52,SENSITIVE_FILE
2026-06-01 14:08:00,NETWORK_CONNECTION,guest,119.91.101.177,OUTBOUND
2026-06-01 14:08:30,NETWORK_CONNECTION,john,134.130.41.238,OUTBOUND
2026-06-01 14:09:00,FILE_ACCESS,test,102.49.232.153,SENSITIVE_FILE
2026-06-01 14:09:30,NETWORK_CONNECTION,guest,112.144.176.84,OUTBOUND
2026-06-01 14:10:00,POWERSHELL,guest,150.112.194.237,EXECUTED
2026-06-01 14:10:30,LOGIN,mary,176.37.166.65,FAILED
2026-06-01 14:11:00,LOGIN,guest,38.5.34.145,FAILED
2026-06-01 14:11:30,FILE_ACCESS,mary,217.130.133.161,SENSITIVE_FILE
2026-06-01 14:12:00,LOGIN,guest,17.106.245.176,FAILED
2026-06-01 14:12:30,POWERSHELL,test,145.247.220.36,EXECUTED
2026-06-01 14:13:00,NETWORK_CONNECTION,guest,251.246.68.156,OUTBOUND
2026-06-01 14:13:30,FILE_ACCESS,mary,135.228.191.218,SENSITIVE_FILE
2026-06-01 14:14:00,NETWORK_CONNECTION,test,161.2.193.133,OUTBOUND
2026-06-01 14:14:30,NETWORK_CONNECTION,john,222.208.75.98,OUTBOUND
2026-06-01 14:15:00,POWERSHELL,john,121.88.5.190,EXECUTED
2026-06-01 14:15:30,LOGIN,admin,52.25.111.162,FAILED
2026-06-01 14:16:00,LOGIN,test,56.230.61.53,FAILED
2026-06-01 14:16:30,POWERSHELL,mary,29.26.93.23,EXECUTED
2026-06-01 14:17:00,POWERSHELL,guest,232.103.205.252,EXECUTED
2026-06-01 14:17:30,LOGIN,guest,114.43.11.30,FAILED
2026-06-01 14:18:00,POWERSHELL,test,161.66.9.142,EXECUTED
2026-06-01 14:18:30,LOGIN,john,25.7.38.221,FAILED
2026-06-01 14:19:00,POWERSHELL,admin,16.39.212.98,EXECUTED
2026-06-01 14:19:30,POWERSHELL,mary,77.118.250.188,EXECUTED
2026-06-01 14:20:00,LOGIN,guest,79.219.84.31,SUCCESS
2026-06-01 14:20:30,LOGIN,admin,31.94.135.50,SUCCESS
2026-06-01 14:21:00,NETWORK_CONNECTION,john,116.135.99.245,OUTBOUND
2026-06-01 14:21:30,FILE_ACCESS,test,16.17.243.230,SENSITIVE_FILE
2026-06-01 14:22:00,FILE_ACCESS,john,243.67.115.91,SENSITIVE_FILE
2026-06-01 14:22:30,POWERSHELL,admin,97.90.37.20,EXECUTED
2026-06-01 14:23:00,LOGIN,mary,125.214.200.8,SUCCESS
2026-06-01 14:23:30,LOGIN,mary,198.4.201.117,FAILED
2026-06-01 14:24:00,LOGIN,guest,177.44.30.208,FAILED
2026-06-01 14:24:30,POWERSHELL,admin,195.147.145.120,EXECUTED
2026-06-01 14:25:00,POWERSHELL,admin,34.245.102.130,EXECUTED
2026-06-01 14:25:30,LOGIN,test,63.174.88.55,FAILED
2026-06-01 14:26:00,LOGIN,john,241.188.189.240,SUCCESS
2026-06-01 14:26:30,NETWORK_CONNECTION,admin,237.204.134.189,OUTBOUND
2026-06-01 14:27:00,FILE_ACCESS,guest,252.60.87.169,SENSITIVE_FILE
2026-06-01 14:27:30,LOGIN,admin,230.140.97.27,FAILED
2026-06-01 14:28:00,LOGIN,admin,240.189.172.15,FAILED
2026-06-01 14:28:30,LOGIN,test,11.35.53.220,SUCCESS
2026-06-01 14:29:00,LOGIN,john,30.228.116.237,SUCCESS
2026-06-01 14:29:30,LOGIN,guest,223.159.243.181,FAILED
2026-06-01 14:30:00,LOGIN,john,136.248.21.12,FAILED
2026-06-01 14:30:30,NETWORK_CONNECTION,test,64.137.238.168,OUTBOUND
2026-06-01 14:31:00,NETWORK_CONNECTION,admin,8.166.165.173,OUTBOUND
2026-06-01 14:31:30,FILE_ACCESS,admin,86.254.65.143,SENSITIVE_FILE
2026-06-01 14:32:00,POWERSHELL,admin,183.245.162.91,EXECUTED
2026-06-01 14:32:30,NETWORK_CONNECTION,admin,85.109.224.244,OUTBOUND
2026-06-01 14:33:00,POWERSHELL,test,13.202.20.169,EXECUTED
2026-06-01 14:33:30,LOGIN,test,155.174.124.106,SUCCESS
2026-06-01 14:34:00,POWERSHELL,test,69.65.109.126,EXECUTED
2026-06-01 14:34:30,NETWORK_CONNECTION,mary,178.36.223.102,OUTBOUND
2026-06-01 14:35:00,FILE_ACCESS,mary,128.124.34.21,SENSITIVE_FILE
2026-06-01 14:35:30,NETWORK_CONNECTION,mary,89.244.43.142,OUTBOUND
2026-06-01 14:36:00,FILE_ACCESS,john,231.211.64.204,SENSITIVE_FILE
2026-06-01 14:36:30,LOGIN,guest,173.65.205.73,FAILED
2026-06-01 14:37:00,POWERSHELL,test,159.227.23.206,EXECUTED
2026-06-01 14:37:30,FILE_ACCESS,test,219.221.184.42,SENSITIVE_FILE
2026-06-01 14:38:00,LOGIN,guest,39.58.75.243,FAILED
2026-06-01 14:38:30,LOGIN,admin,195.170.51.182,SUCCESS
2026-06-01 14:39:00,LOGIN,mary,114.147.107.229,FAILED
2026-06-01 14:39:30,NETWORK_CONNECTION,test,202.184.31.240,OUTBOUND
2026-06-01 14:40:00,POWERSHELL,test,95.25.146.138,EXECUTED
2026-06-01 14:40:30,FILE_ACCESS,guest,255.1.144.27,SENSITIVE_FILE
2026-06-01 14:41:00,FILE_ACCESS,test,240.111.237.231,SENSITIVE_FILE
2026-06-01 14:41:30,NETWORK_CONNECTION,test,230.26.139.246,OUTBOUND
2026-06-01 14:42:00,LOGIN,guest,84.8.24.114,SUCCESS
2026-06-01 14:42:30,NETWORK_CONNECTION,admin,91.47.30.108,OUTBOUND
2026-06-01 14:43:00,LOGIN,mary,234.122.243.173,FAILED
2026-06-01 14:43:30,LOGIN,mary,150.147.41.13,FAILED
2026-06-01 14:44:00,LOGIN,guest,129.21.123.135,SUCCESS
2026-06-01 14:44:30,NETWORK_CONNECTION,test,236.39.68.40,OUTBOUND
2026-06-01 14:45:00,POWERSHELL,guest,53.36.145.233,EXECUTED
2026-06-01 14:45:30,NETWORK_CONNECTION,mary,226.127.174.1,OUTBOUND
2026-06-01 14:46:00,FILE_ACCESS,test,225.52.113.54,SENSITIVE_FILE
2026-06-01 14:46:30,POWERSHELL,john,223.176.18.242,EXECUTED
2026-06-01 14:47:00,LOGIN,guest,227.89.82.94,SUCCESS
2026-06-01 14:47:30,LOGIN,guest,20.145.170.58,SUCCESS
2026-06-01 14:48:00,NETWORK_CONNECTION,admin,15.57.112.102,OUTBOUND
2026-06-01 14:48:30,FILE_ACCESS,guest,37.241.242.163,SENSITIVE_FILE
2026-06-01 14:49:00,LOGIN,mary,154.185.48.212,FAILED
2026-06-01 14:49:30,LOGIN,mary,6.253.121.38,FAILED
2026-06-01 14:50:00,LOGIN,guest,236.14.136.245,FAILED
2026-06-01 14:50:30,FILE_ACCESS,test,114.120.76.97,SENSITIVE_FILE
2026-06-01 14:51:00,FILE_ACCESS,admin,205.49.35.246,SENSITIVE_FILE
2026-06-01 14:51:30,FILE_ACCESS,john,206.71.77.33,SENSITIVE_FILE
2026-06-01 14:52:00,LOGIN,admin,201.75.51.45,FAILED
2026-06-01 14:52:30,NETWORK_CONNECTION,test,144.161.133.216,OUTBOUND
2026-06-01 14:53:00,POWERSHELL,john,182.117.63.220,EXECUTED
2026-06-01 14:53:30,LOGIN,test,89.167.78.84,FAILED
2026-06-01 14:54:00,POWERSHELL,john,43.199.105.241,EXECUTED
2026-06-01 14:54:30,LOGIN,guest,39.232.230.31,SUCCESS
2026-06-01 14:55:00,LOGIN,guest,90.188.192.213,FAILED
2026-06-01 14:55:30,NETWORK_CONNECTION,admin,139.189.153.187,OUTBOUND
2026-06-01 14:56:00,NETWORK_CONNECTION,mary,228.121.159.43,OUTBOUND
2026-06-01 14:56:30,LOGIN,test,222.9.14.39,SUCCESS
2026-06-01 14:57:00,LOGIN,mary,57.145.193.242,FAILED
2026-06-01 14:57:30,FILE_ACCESS,admin,20.172.228.139,SENSITIVE_FILE
2026-06-01 14:58:00,NETWORK_CONNECTION,john,36.85.72.87,OUTBOUND
2026-06-01 14:58:30,LOGIN,mary,207.229.107.47,FAILED
2026-06-01 14:59:00,POWERSHELL,guest,203.22.216.197,EXECUTED
2026-06-01 14:59:30,NETWORK_CONNECTION,guest,213.175.104.252,OUTBOUND
2026-06-01 15:00:00,LOGIN,guest,99.228.52.186,FAILED
2026-06-01 15:00:30,LOGIN,test,34.225.38.66,SUCCESS
2026-06-01 15:01:00,NETWORK_CONNECTION,mary,166.11.140.56,OUTBOUND
2026-06-01 15:01:30,FILE_ACCESS,john,67.149.117.103,SENSITIVE_FILE
2026-06-01 15:02:00,FILE_ACCESS,john,7.43.61.148,SENSITIVE_FILE
2026-06-01 15:02:30,LOGIN,admin,77.153.116.245,FAILED
2026-06-01 15:03:00,FILE_ACCESS,admin,237.125.155.54,SENSITIVE_FILE
2026-06-01 15:03:30,POWERSHELL,guest,251.69.78.209,EXECUTED
2026-06-01 15:04:00,NETWORK_CONNECTION,admin,103.78.203.148,OUTBOUND
2026-06-01 15:04:30,FILE_ACCESS,mary,158.63.3.67,SENSITIVE_FILE
2026-06-01 15:05:00,FILE_ACCESS,john,7.67.166.104,SENSITIVE_FILE
2026-06-01 15:05:30,FILE_ACCESS,mary,118.88.250.172,SENSITIVE_FILE
2026-06-01 15:06:00,POWERSHELL,john,210.191.124.117,EXECUTED
2026-06-01 15:06:30,LOGIN,guest,217.30.215.92,SUCCESS
2026-06-01 15:07:00,NETWORK_CONNECTION,john,165.93.6.115,OUTBOUND
2026-06-01 15:07:30,FILE_ACCESS,admin,137.244.213.68,SENSITIVE_FILE
2026-06-01 15:08:00,POWERSHELL,test,136.50.242.19,EXECUTED
2026-06-01 15:08:30,NETWORK_CONNECTION,mary,2.152.234.51,OUTBOUND
2026-06-01 15:09:00,FILE_ACCESS,mary,195.227.225.121,SENSITIVE_FILE
2026-06-01 15:09:30,NETWORK_CONNECTION,admin,44.206.41.254,OUTBOUND
2026-06-01 15:10:00,NETWORK_CONNECTION,test,208.220.53.206,OUTBOUND
2026-06-01 15:10:30,NETWORK_CONNECTION,john,235.144.76.142,OUTBOUND
2026-06-01 15:11:00,POWERSHELL,mary,81.164.144.215,EXECUTED
2026-06-01 15:11:30,FILE_ACCESS,admin,207.100.113.171,SENSITIVE_FILE
2026-06-01 15:12:00,POWERSHELL,admin,154.33.90.49,EXECUTED
2026-06-01 15:12:30,LOGIN,john,22.105.208.246,FAILED
2026-06-01 15:13:00,LOGIN,guest,12.106.242.70,FAILED
2026-06-01 15:13:30,POWERSHELL,admin,86.79.48.219,EXECUTED
2026-06-01 15:14:00,LOGIN,guest,237.215.112.223,FAILED
2026-06-01 15:14:30,LOGIN,mary,133.191.90.195,FAILED
2026-06-01 15:15:00,LOGIN,admin,1.3.152.74,SUCCESS
2026-06-01 15:15:30,LOGIN,mary,226.220.242.57,FAILED
2026-06-01 15:16:00,FILE_ACCESS,john,103.182.41.145,SENSITIVE_FILE
2026-06-01 15:16:30,POWERSHELL,john,49.63.47.108,EXECUTED
2026-06-01 15:17:00,LOGIN,test,99.191.244.104,SUCCESS
2026-06-01 15:17:30,NETWORK_CONNECTION,test,64.13.43.124,OUTBOUND
2026-06-01 15:18:00,NETWORK_CONNECTION,mary,167.37.46.66,OUTBOUND
2026-06-01 15:18:30,POWERSHELL,guest,46.200.166.118,EXECUTED
2026-06-01 15:19:00,FILE_ACCESS,mary,239.233.253.99,SENSITIVE_FILE
2026-06-01 15:19:30,NETWORK_CONNECTION,guest,126.212.88.138,OUTBOUND
2026-06-01 15:20:00,LOGIN,admin,151.253.169.214,FAILED
2026-06-01 15:20:30,NETWORK_CONNECTION,admin,137.139.227.142,OUTBOUND
2026-06-01 15:21:00,LOGIN,test,69.208.119.167,SUCCESS
2026-06-01 15:21:30,POWERSHELL,admin,93.46.103.250,EXECUTED
2026-06-01 15:22:00,NETWORK_CONNECTION,mary,126.250.110.155,OUTBOUND
2026-06-01 15:22:30,NETWORK_CONNECTION,guest,160.66.156.95,OUTBOUND
2026-06-01 15:23:00,FILE_ACCESS,admin,71.40.83.242,SENSITIVE_FILE
2026-06-01 15:23:30,LOGIN,mary,57.103.145.79,FAILED
2026-06-01 15:24:00,LOGIN,guest,107.82.73.188,FAILED
2026-06-01 15:24:30,FILE_ACCESS,admin,246.23.131.168,SENSITIVE_FILE
2026-06-01 15:25:00,POWERSHELL,guest,49.210.215.21,EXECUTED
2026-06-01 15:25:30,FILE_ACCESS,admin,67.89.17.40,SENSITIVE_FILE
2026-06-01 15:26:00,POWERSHELL,admin,200.135.201.124,EXECUTED
2026-06-01 15:26:30,NETWORK_CONNECTION,john,42.14.175.213,OUTBOUND
2026-06-01 15:27:00,LOGIN,john,64.69.236.19,FAILED
2026-06-01 15:27:30,POWERSHELL,john,103.100.74.65,EXECUTED
2026-06-01 15:28:00,LOGIN,mary,56.253.114.235,SUCCESS
2026-06-01 15:28:30,NETWORK_CONNECTION,test,80.88.168.68,OUTBOUND
2026-06-01 15:29:00,LOGIN,admin,7.187.234.254,FAILED
2026-06-01 15:29:30,LOGIN,guest,190.85.211.41,FAILED
2026-06-01 15:30:00,LOGIN,john,226.226.141.247,SUCCESS
2026-06-01 15:30:30,LOGIN,guest,171.64.139.200,FAILED
2026-06-01 15:31:00,POWERSHELL,test,96.100.161.73,EXECUTED
2026-06-01 15:31:30,FILE_ACCESS,john,132.242.124.38,SENSITIVE_FILE
2026-06-01 15:32:00,NETWORK_CONNECTION,admin,70.193.114.151,OUTBOUND
2026-06-01 15:32:30,LOGIN,john,70.94.92.239,FAILED
2026-06-01 15:33:00,LOGIN,john,125.124.51.42,FAILED
2026-06-01 15:33:30,LOGIN,mary,97.125.201.4,SUCCESS
2026-06-01 15:34:00,FILE_ACCESS,guest,200.192.221.90,SENSITIVE_FILE
2026-06-01 15:34:30,POWERSHELL,john,84.92.132.118,EXECUTED
2026-06-01 15:35:00,LOGIN,test,36.66.125.255,FAILED
2026-06-01 15:35:30,NETWORK_CONNECTION,mary,141.199.89.54,OUTBOUND
2026-06-01 15:36:00,LOGIN,admin,18.31.210.244,SUCCESS
2026-06-01 15:36:30,LOGIN,admin,33.205.125.18,FAILED
2026-06-01 15:37:00,POWERSHELL,mary,140.170.114.201,EXECUTED
2026-06-01 15:37:30,NETWORK_CONNECTION,john,128.145.212.74,OUTBOUND
2026-06-01 15:38:00,POWERSHELL,admin,36.235.231.92,EXECUTED
2026-06-01 15:38:30,NETWORK_CONNECTION,mary,7.137.100.157,OUTBOUND
2026-06-01 15:39:00,NETWORK_CONNECTION,test,169.161.225.11,OUTBOUND
2026-06-01 15:39:30,NETWORK_CONNECTION,mary,46.83.93.71,OUTBOUND
2026-06-01 15:40:00,LOGIN,guest,161.69.12.174,SUCCESS
2026-06-01 15:40:30,LOGIN,john,53.141.101.150,FAILED
2026-06-01 15:41:00,POWERSHELL,mary,103.223.30.250,EXECUTED
2026-06-01 15:41:30,NETWORK_CONNECTION,john,37.43.201.158,OUTBOUND
2026-06-01 15:42:00,FILE_ACCESS,john,31.253.154.21,SENSITIVE_FILE
2026-06-01 15:42:30,FILE_ACCESS,john,213.86.60.6,SENSITIVE_FILE
2026-06-01 15:43:00,NETWORK_CONNECTION,admin,105.158.115.46,OUTBOUND
2026-06-01 15:43:30,NETWORK_CONNECTION,john,226.207.173.225,OUTBOUND
2026-06-01 15:44:00,POWERSHELL,guest,215.76.93.51,EXECUTED
2026-06-01 15:44:30,LOGIN,test,157.208.202.22,SUCCESS
2026-06-01 15:45:00,LOGIN,test,217.54.76.237,FAILED
2026-06-01 15:45:30,POWERSHELL,john,248.13.215.38,EXECUTED
2026-06-01 15:46:00,LOGIN,test,138.88.14.136,FAILED
2026-06-01 15:46:30,LOGIN,admin,38.212.44.118,SUCCESS
2026-06-01 15:47:00,NETWORK_CONNECTION,mary,253.85.187.115,OUTBOUND
2026-06-01 15:47:30,LOGIN,guest,94.240.143.196,FAILED
2026-06-01 15:48:00,LOGIN,admin,55.153.164.31,FAILED
2026-06-01 15:48:30,NETWORK_CONNECTION,mary,119.242.112.193,OUTBOUND
2026-06-01 15:49:00,FILE_ACCESS,guest,84.111.159.126,SENSITIVE_FILE
2026-06-01 15:49:30,LOGIN,guest,245.28.102.79,FAILED
2026-06-01 15:50:00,LOGIN,guest,253.74.141.108,FAILED
2026-06-01 15:50:30,LOGIN,test,137.134.70.97,FAILED
2026-06-01 15:51:00,FILE_ACCESS,test,153.211.32.255,SENSITIVE_FILE
2026-06-01 15:51:30,LOGIN,mary,204.224.203.239,FAILED
2026-06-01 15:52:00,LOGIN,mary,44.58.88.14,SUCCESS
2026-06-01 15:52:30,POWERSHELL,mary,128.101.33.151,EXECUTED
2026-06-01 15:53:00,LOGIN,guest,113.6.68.68,FAILED
2026-06-01 15:53:30,LOGIN,guest,95.15.83.103,FAILED
2026-06-01 15:54:00,FILE_ACCESS,test,26.154.9.169,SENSITIVE_FILE
2026-06-01 15:54:30,NETWORK_CONNECTION,john,214.207.244.160,OUTBOUND
2026-06-01 15:55:00,LOGIN,john,64.164.46.17,FAILED
2026-06-01 15:55:30,FILE_ACCESS,mary,36.61.40.84,SENSITIVE_FILE
2026-06-01 15:56:00,LOGIN,john,68.233.167.148,FAILED
2026-06-01 15:56:30,POWERSHELL,test,33.197.47.122,EXECUTED
2026-06-01 15:57:00,LOGIN,guest,163.55.175.241,SUCCESS
2026-06-01 15:57:30,NETWORK_CONNECTION,john,253.101.67.21,OUTBOUND
2026-06-01 15:58:00,LOGIN,admin,52.50.233.73,FAILED
2026-06-01 15:58:30,POWERSHELL,guest,105.58.79.167,EXECUTED
2026-06-01 15:59:00,FILE_ACCESS,guest,67.190.39.66,SENSITIVE_FILE
2026-06-01 15:59:30,LOGIN,test,22.86.33.227,SUCCESS
2026-06-01 16:00:00,POWERSHELL,mary,143.57.6.80,EXECUTED
2026-06-01 16:00:30,POWERSHELL,mary,189.106.163.187,EXECUTED
2026-06-01 16:01:00,POWERSHELL,john,152.167.178.90,EXECUTED
2026-06-01 16:01:30,LOGIN,mary,11.213.165.115,SUCCESS
2026-06-01 16:02:00,FILE_ACCESS,mary,21.181.54.129,SENSITIVE_FILE
2026-06-01 16:02:30,POWERSHELL,mary,29.32.102.85,EXECUTED
2026-06-01 16:03:00,FILE_ACCESS,guest,174.2.170.42,SENSITIVE_FILE
2026-06-01 16:03:30,LOGIN,test,68.219.61.102,SUCCESS
2026-06-01 16:04:00,FILE_ACCESS,mary,26.110.205.209,SENSITIVE_FILE
2026-06-01 16:04:30,LOGIN,guest,202.173.109.10,SUCCESS
2026-06-01 16:05:00,POWERSHELL,mary,30.187.145.187,EXECUTED
2026-06-01 16:05:30,NETWORK_CONNECTION,mary,218.24.187.63,OUTBOUND
2026-06-01 16:06:00,FILE_ACCESS,admin,188.167.12.100,SENSITIVE_FILE
2026-06-01 16:06:30,NETWORK_CONNECTION,john,90.24.94.45,OUTBOUND
2026-06-01 16:07:00,FILE_ACCESS,test,105.168.39.235,SENSITIVE_FILE
2026-06-01 16:07:30,LOGIN,mary,98.200.237.166,SUCCESS
2026-06-01 16:08:00,FILE_ACCESS,john,56.180.73.110,SENSITIVE_FILE
2026-06-01 16:08:30,FILE_ACCESS,guest,237.41.157.154,SENSITIVE_FILE
2026-06-01 16:09:00,FILE_ACCESS,admin,197.136.55.62,SENSITIVE_FILE
2026-06-01 16:09:30,FILE_ACCESS,test,139.139.27.83,SENSITIVE_FILE
2026-06-01 16:10:00,NETWORK_CONNECTION,john,181.39.30.99,OUTBOUND
2026-06-01 16:10:30,FILE_ACCESS,guest,194.103.37.29,SENSITIVE_FILE
2026-06-01 16:11:00,FILE_ACCESS,guest,118.44.253.177,SENSITIVE_FILE
2026-06-01 16:11:30,FILE_ACCESS,john,206.113.142.216,SENSITIVE_FILE
2026-06-01 16:12:00,NETWORK_CONNECTION,admin,156.32.22.13,OUTBOUND
2026-06-01 16:12:30,LOGIN,admin,24.217.174.154,SUCCESS
2026-06-01 16:13:00,LOGIN,john,228.48.246.225,FAILED
2026-06-01 16:13:30,POWERSHELL,admin,8.235.206.232,EXECUTED
2026-06-01 16:14:00,FILE_ACCESS,guest,36.58.127.103,SENSITIVE_FILE
2026-06-01 16:14:30,FILE_ACCESS,guest,164.223.158.77,SENSITIVE_FILE
2026-06-01 16:15:00,POWERSHELL,test,163.170.233.156,EXECUTED
2026-06-01 16:15:30,POWERSHELL,mary,108.45.150.3,EXECUTED
2026-06-01 16:16:00,POWERSHELL,mary,226.137.2.255,EXECUTED
2026-06-01 16:16:30,POWERSHELL,test,5.122.101.110,EXECUTED
2026-06-01 16:17:00,LOGIN,admin,192.72.162.140,FAILED
2026-06-01 16:17:30,FILE_ACCESS,guest,77.213.18.126,SENSITIVE_FILE
2026-06-01 16:18:00,LOGIN,test,101.164.133.246,FAILED
2026-06-01 16:18:30,NETWORK_CONNECTION,mary,55.189.243.75,OUTBOUND
2026-06-01 16:19:00,FILE_ACCESS,john,100.108.179.117,SENSITIVE_FILE
2026-06-01 16:19:30,FILE_ACCESS,mary,214.58.5.207,SENSITIVE_FILE
2026-06-01 16:20:00,LOGIN,guest,122.86.27.5,FAILED
2026-06-01 16:20:30,NETWORK_CONNECTION,john,27.229.192.137,OUTBOUND
2026-06-01 16:21:00,POWERSHELL,test,236.193.132.5,EXECUTED
2026-06-01 16:21:30,NETWORK_CONNECTION,mary,43.192.87.110,OUTBOUND
2026-06-01 16:22:00,POWERSHELL,john,127.147.25.213,EXECUTED
2026-06-01 16:22:30,POWERSHELL,admin,246.14.97.117,EXECUTED
2026-06-01 16:23:00,POWERSHELL,john,161.197.245.116,EXECUTED
2026-06-01 16:23:30,FILE_ACCESS,mary,147.242.30.180,SENSITIVE_FILE
2026-06-01 16:24:00,LOGIN,test,162.162.59.139,SUCCESS
2026-06-01 16:24:30,LOGIN,mary,47.238.67.54,SUCCESS
2026-06-01 16:25:00,LOGIN,test,197.247.31.207,FAILED
2026-06-01 16:25:30,FILE_ACCESS,test,13.182.189.112,SENSITIVE_FILE
2026-06-01 16:26:00,FILE_ACCESS,guest,93.183.5.103,SENSITIVE_FILE
2026-06-01 16:26:30,NETWORK_CONNECTION,mary,208.237.31.70,OUTBOUND
2026-06-01 16:27:00,NETWORK_CONNECTION,mary,203.102.224.251,OUTBOUND
2026-06-01 16:27:30,POWERSHELL,test,12.88.89.40,EXECUTED
2026-06-01 16:28:00,LOGIN,john,183.246.218.126,SUCCESS
2026-06-01 16:28:30,NETWORK_CONNECTION,guest,22.226.111.135,OUTBOUND
2026-06-01 16:29:00,FILE_ACCESS,mary,128.125.251.127,SENSITIVE_FILE
2026-06-01 16:29:30,NETWORK_CONNECTION,guest,126.224.137.229,OUTBOUND
2026-06-01 16:30:00,POWERSHELL,mary,54.137.144.116,EXECUTED
2026-06-01 16:30:30,POWERSHELL,mary,129.188.37.95,EXECUTED
2026-06-01 16:31:00,LOGIN,mary,254.136.66.67,FAILED
2026-06-01 16:31:30,FILE_ACCESS,test,177.197.64.30,SENSITIVE_FILE
2026-06-01 16:32:00,POWERSHELL,guest,96.16.19.221,EXECUTED
2026-06-01 16:32:30,FILE_ACCESS,guest,84.154.133.184,SENSITIVE_FILE
2026-06-01 16:33:00,NETWORK_CONNECTION,john,173.251.226.88,OUTBOUND
2026-06-01 16:33:30,POWERSHELL,john,158.97.214.254,EXECUTED
2026-06-01 16:34:00,LOGIN,test,96.110.176.121,FAILED
2026-06-01 16:34:30,LOGIN,mary,27.78.157.61,SUCCESS
2026-06-01 16:35:00,POWERSHELL,guest,226.113.180.159,EXECUTED
2026-06-01 16:35:30,LOGIN,admin,235.199.170.25,SUCCESS
2026-06-01 16:36:00,NETWORK_CONNECTION,test,255.122.106.7,OUTBOUND
2026-06-01 16:36:30,POWERSHELL,john,212.22.167.13,EXECUTED
2026-06-01 16:37:00,POWERSHELL,admin,75.85.72.185,EXECUTED
2026-06-01 16:37:30,POWERSHELL,guest,251.251.116.9,EXECUTED
2026-06-01 16:38:00,POWERSHELL,test,53.138.244.54,EXECUTED
2026-06-01 16:38:30,POWERSHELL,test,227.154.248.131,EXECUTED
2026-06-01 16:39:00,FILE_ACCESS,john,83.249.96.228,SENSITIVE_FILE
2026-06-01 16:39:30,FILE_ACCESS,guest,1.61.27.27,SENSITIVE_FILE
2026-06-01 16:40:00,LOGIN,admin,102.12.104.223,SUCCESS
2026-06-01 16:40:30,NETWORK_CONNECTION,admin,103.255.19.173,OUTBOUND
2026-06-01 16:41:00,LOGIN,admin,133.236.173.138,SUCCESS
2026-06-01 16:41:30,LOGIN,john,149.252.186.24,SUCCESS
2026-06-01 16:42:00,NETWORK_CONNECTION,guest,99.139.116.11,OUTBOUND
2026-06-01 16:42:30,POWERSHELL,test,155.96.132.96,EXECUTED
2026-06-01 16:43:00,LOGIN,john,211.23.166.221,FAILED
2026-06-01 16:43:30,POWERSHELL,test,107.38.91.116,EXECUTED
2026-06-01 16:44:00,POWERSHELL,mary,72.142.63.50,EXECUTED
2026-06-01 16:44:30,NETWORK_CONNECTION,test,89.21.166.229,OUTBOUND
2026-06-01 16:45:00,NETWORK_CONNECTION,john,234.255.121.112,OUTBOUND
2026-06-01 16:45:30,NETWORK_CONNECTION,guest,201.94.138.38,OUTBOUND
2026-06-01 16:46:00,POWERSHELL,john,72.146.161.6,EXECUTED
2026-06-01 16:46:30,LOGIN,mary,101.143.204.122,FAILED
2026-06-01 16:47:00,FILE_ACCESS,guest,203.220.133.220,SENSITIVE_FILE
2026-06-01 16:47:30,FILE_ACCESS,admin,82.7.41.10,SENSITIVE_FILE
2026-06-01 16:48:00,POWERSHELL,admin,12.238.180.77,EXECUTED
2026-06-01 16:48:30,NETWORK_CONNECTION,john,224.186.84.192,OUTBOUND
2026-06-01 16:49:00,NETWORK_CONNECTION,mary,111.17.217.40,OUTBOUND
2026-06-01 16:49:30,NETWORK_CONNECTION,guest,132.58.75.60,OUTBOUND
2026-06-01 16:50:00,FILE_ACCESS,test,120.25.249.219,SENSITIVE_FILE
2026-06-01 16:50:30,POWERSHELL,admin,224.231.229.132,EXECUTED
2026-06-01 16:51:00,NETWORK_CONNECTION,guest,233.49.192.216,OUTBOUND
2026-06-01 16:51:30,POWERSHELL,test,191.72.198.20,EXECUTED
2026-06-01 16:52:00,NETWORK_CONNECTION,mary,207.79.193.183,OUTBOUND
2026-06-01 16:52:30,POWERSHELL,test,7.149.105.197,EXECUTED
2026-06-01 16:53:00,NETWORK_CONNECTION,mary,232.19.73.189,OUTBOUND
2026-06-01 16:53:30,POWERSHELL,guest,145.188.104.102,EXECUTED
2026-06-01 16:54:00,POWERSHELL,guest,111.190.99.35,EXECUTED
2026-06-01 16:54:30,POWERSHELL,test,26.119.207.47,EXECUTED
2026-06-01 16:55:00,LOGIN,mary,226.118.158.108,FAILED
2026-06-01 16:55:30,FILE_ACCESS,mary,150.218.37.211,SENSITIVE_FILE
2026-06-01 16:56:00,POWERSHELL,test,225.131.109.99,EXECUTED
2026-06-01 16:56:30,LOGIN,admin,74.75.90.211,SUCCESS
2026-06-01 16:57:00,LOGIN,test,198.194.223.100,FAILED
2026-06-01 16:57:30,NETWORK_CONNECTION,test,16.85.5.129,OUTBOUND
2026-06-01 16:58:00,POWERSHELL,john,222.75.175.131,EXECUTED
2026-06-01 16:58:30,POWERSHELL,mary,128.130.150.170,EXECUTED
2026-06-01 16:59:00,LOGIN,test,242.85.88.196,SUCCESS
2026-06-01 16:59:30,FILE_ACCESS,test,233.93.17.186,SENSITIVE_FILE
2026-06-01 17:00:00,LOGIN,mary,142.202.14.20,SUCCESS
2026-06-01 17:00:30,FILE_ACCESS,mary,159.220.204.128,SENSITIVE_FILE
2026-06-01 17:01:00,POWERSHELL,mary,226.67.199.7,EXECUTED
2026-06-01 17:01:30,NETWORK_CONNECTION,guest,189.171.140.179,OUTBOUND
2026-06-01 17:02:00,LOGIN,john,88.103.219.124,SUCCESS
2026-06-01 17:02:30,POWERSHELL,admin,55.10.63.141,EXECUTED
2026-06-01 17:03:00,POWERSHELL,guest,85.20.250.82,EXECUTED
2026-06-01 17:03:30,FILE_ACCESS,test,125.153.167.177,SENSITIVE_FILE
2026-06-01 17:04:00,FILE_ACCESS,john,37.231.234.7,SENSITIVE_FILE
2026-06-01 17:04:30,NETWORK_CONNECTION,john,67.141.188.166,OUTBOUND
2026-06-01 17:05:00,LOGIN,mary,234.180.104.93,FAILED
2026-06-01 17:05:30,LOGIN,guest,115.137.250.188,SUCCESS
2026-06-01 17:06:00,NETWORK_CONNECTION,test,242.68.159.20,OUTBOUND
2026-06-01 17:06:30,NETWORK_CONNECTION,test,148.109.31.140,OUTBOUND
2026-06-01 17:07:00,LOGIN,guest,248.53.75.78,FAILED
2026-06-01 17:07:30,FILE_ACCESS,admin,128.5.217.158,SENSITIVE_FILE
2026-06-01 17:08:00,LOGIN,guest,10.95.38.42,FAILED
2026-06-01 17:08:30,POWERSHELL,john,176.175.78.121,EXECUTED
2026-06-01 17:09:00,LOGIN,guest,158.81.63.80,FAILED
2026-06-01 17:09:30,LOGIN,admin,42.211.101.140,SUCCESS
2026-06-01 17:10:00,POWERSHELL,guest,129.95.97.103,EXECUTED
2026-06-01 17:10:30,POWERSHELL,john,110.76.210.96,EXECUTED
2026-06-01 17:11:00,LOGIN,john,18.226.6.238,SUCCESS
2026-06-01 17:11:30,LOGIN,test,92.79.84.252,FAILED
2026-06-01 17:12:00,FILE_ACCESS,test,233.62.95.36,SENSITIVE_FILE
2026-06-01 17:12:30,LOGIN,test,218.87.46.219,SUCCESS
2026-06-01 17:13:00,POWERSHELL,guest,40.203.189.56,EXECUTED
2026-06-01 17:13:30,NETWORK_CONNECTION,john,38.182.203.177,OUTBOUND
2026-06-01 17:14:00,LOGIN,admin,193.53.204.77,FAILED
2026-06-01 17:14:30,POWERSHELL,mary,179.198.117.33,EXECUTED
2026-06-01 17:15:00,LOGIN,john,216.87.105.171,FAILED
2026-06-01 17:15:30,POWERSHELL,john,169.177.133.98,EXECUTED
2026-06-01 17:16:00,FILE_ACCESS,john,128.45.124.177,SENSITIVE_FILE
2026-06-01 17:16:30,NETWORK_CONNECTION,guest,255.180.36.18,OUTBOUND
2026-06-01 17:17:00,LOGIN,guest,39.163.10.127,FAILED
2026-06-01 17:17:30,LOGIN,john,170.145.232.235,FAILED
2026-06-01 17:18:00,FILE_ACCESS,guest,252.204.207.54,SENSITIVE_FILE
2026-06-01 17:18:30,NETWORK_CONNECTION,mary,135.14.81.244,OUTBOUND
2026-06-01 17:19:00,FILE_ACCESS,test,232.48.138.238,SENSITIVE_FILE
2026-06-01 17:19:30,LOGIN,guest,10.231.154.207,FAILED
